{"version":{"current":1,"minCompatible":1},"selected_map":"261.647-261.648 403-409,  262.148-262.149 403-409,  262.653-262.660 403-409","views_state":[{"scale":0.9090909090909088,"offset":{"x":0,"y":0}},[{"camera_coords":[6.577110350733294,53.860109072139885,69.14390128495005],"controls_target":[0,0,0],"camera_zoom":1},{"camera_coords":[-30,40,30.000000000000004],"controls_target":[0,0,0],"camera_zoom":1},{"camera_coords":[-30,40,30.000000000000004],"controls_target":[0,0,0],"camera_zoom":1},{"camera_coords":[-30,40,30.000000000000004],"controls_target":[0,0,0],"camera_zoom":1}],{}],"params":{"2D":{"spot-border":0.05},"3D":{"layout":"single","color":"#575757","background":"#000000","show-the-origin":true,"light":1.5,"spot-border":0.05,"export-pixel-ratio":"1","coordinates-adjustment":{"0x-rotation":-90,"0y-rotation":10,"0z-rotation":0,"x-offset":"0","y-offset":"0","z-offset":"0"}},"mapping":{"scale":"log","color-map":"VIRIDIS","auto-min/max":true,"hotspot-quantile":1,"min-intensity":"2.6273658565927325","max-intensity":"4.684809468055243"},"examples":{},"doc":{}}}