{"version":{"current":1,"minCompatible":1},"selected_map":"294.182 389 1 (ID: 886)","views_state":[{"scale":0.42409761837248455,"offset":{"x":0,"y":2.2737367544323206e-13}},[{"camera_coords":[3.676857517844364,20.53113056559324,0.3542964951320213],"controls_target":[2.7716476421353904,0.2137190578196116,5.18386345563895],"camera_zoom":1},{"camera_coords":[-30,40,30.000000000000004],"controls_target":[0,0,0],"camera_zoom":1},{"camera_coords":[-30,40,30.000000000000004],"controls_target":[0,0,0],"camera_zoom":1},{"camera_coords":[-30,40,30.000000000000004],"controls_target":[0,0,0],"camera_zoom":1}],{}],"params":{"2D":{"spot-border":0.43},"3D":{"layout":"single","color":"#575757","background":"#000000","show-the-origin":true,"light":1.5,"spot-border":0.05,"export-pixel-ratio":"1","coordinates-adjustment":{"0x-rotation":-57.19,"0y-rotation":-1.19,"0z-rotation":-17.19,"x-offset":"0","y-offset":"0","z-offset":"0"}},"mapping":{"scale":"log","color-map":"JET","auto-min/max":true,"hotspot-quantile":1,"min-intensity":"4.228948355327722","max-intensity":"7.2739345922460625"},"examples":{},"doc":{}}}