{"version":{"current":1,"minCompatible":1},"selected_map":"139.050 31 1 (Urocanate [M+H]+) (ID: 1475)","views_state":[{"scale":0.42409761837248455,"offset":{"x":0,"y":0}},[{"camera_coords":[3.917991134384709,20.61040022683268,1.1706469974705103],"controls_target":[3.8094882470457607,0.8433897525337669,7.967326801147418],"camera_zoom":1},{"camera_coords":[-30,40,30.000000000000004],"controls_target":[0,0,0],"camera_zoom":1},{"camera_coords":[-30,40,30.000000000000004],"controls_target":[0,0,0],"camera_zoom":1},{"camera_coords":[-30,40,30.000000000000004],"controls_target":[0,0,0],"camera_zoom":1}],{}],"params":{"2D":{"spot-border":0.43},"3D":{"layout":"single","color":"#575757","background":"#000000","show-the-origin":true,"light":1.5,"spot-border":0.05,"export-pixel-ratio":"1","coordinates-adjustment":{"0x-rotation":-43.59,"0y-rotation":-1.19,"0z-rotation":-34.79,"x-offset":"0","y-offset":"0","z-offset":"0"}},"mapping":{"scale":"log","color-map":"JET","auto-min/max":true,"hotspot-quantile":1,"min-intensity":"6.550393109030021","max-intensity":"9.477232456928805"},"examples":{},"doc":{}}}